{"cameraMode":{"drawMode":0,"name":"Shaded","section":"Shading Mode"},"sceneLighting":true,"audioPlay":false,"sceneViewState":{"showFog":true,"showMaterialUpdate":false,"showSkybox":true,"showFlares":true,"showImageEffects":true,"showParticleSystems":true},"in2DMode":false,"pivot":{"x":372.610107421875,"y":1001.0642700195313,"z":-28.98480796813965},"rotation":{"x":-0.15012815594673158,"y":0.22534586489200593,"z":-0.03516753390431404,"w":-0.9620025753974915},"size":1458.2481689453125,"orthographic":false}