{"cameraMode":{"drawMode":0,"name":"Shaded","section":"Shading Mode"},"sceneLighting":false,"audioPlay":false,"sceneViewState":{"showFog":true,"showMaterialUpdate":false,"showSkybox":true,"showFlares":true,"showImageEffects":true,"showParticleSystems":true},"in2DMode":false,"pivot":{"x":297.38348388671877,"y":386.1365661621094,"z":4.444120407104492},"rotation":{"x":-0.09168069809675217,"y":0.0005947650643065572,"z":-0.00005474780482472852,"w":-0.9957888126373291},"size":1033.787841796875,"orthographic":false}